Temperature,Humidity,WindSpeed,Weather
21,92,17,1
34,57,0,0
43,94,29,0
29,73,29,1
25,75,0,0
22,64,23,0
43,53,13,0
35,28,3,0
21,27,4,0
40,26,10,0
33,55,23,0
37,37,27,0
25,22,22,0
25,47,12,0
38,89,15,0
35,63,23,0
18,40,12,0
22,47,23,0
38,73,21,0
17,73,25,1
36,84,1,0
35,40,15,0
16,32,5,0
38,76,13,0
26,68,0,0
44,73,16,0
20,29,10,0
16,72,18,1
42,63,2,0
35,66,10,0
15,72,28,1
26,93,4,0
40,65,16,0
36,32,25,0
43,56,21,0
26,43,6,0
39,21,9,0
31,33,27,0
41,29,28,0
41,54,10,0
24,44,2,0
42,22,19,0
42,36,9,0
30,31,26,0
29,73,9,1
44,43,13,0
44,48,11,0
29,62,14,0
44,44,9,0
33,79,29,0
26,84,9,1
37,47,25,0
34,35,18,0
39,66,0,0
17,77,23,1
19,95,28,1
33,46,25,0
21,72,9,1
35,61,1,0
23,78,16,1
21,66,29,0
32,53,23,0
18,56,6,0
39,25,6,0
42,26,19,0
28,44,26,0
32,52,8,0
40,74,21,0
23,77,1,0
40,26,13,0
35,76,16,0
16,31,0,0
34,35,8,0
42,99,19,0
29,62,20,0
42,96,18,0
21,26,3,0
26,70,27,0
43,92,7,0
22,51,12,0
29,94,3,0
17,27,8,0
28,91,8,1
31,64,21,0
18,78,17,1
32,23,11,0
22,86,9,1
18,48,10,0
16,48,6,0
44,47,8,0
20,96,5,1
36,98,18,0
24,63,15,0
18,23,29,0
36,28,14,0
43,24,6,0
32,75,15,0
40,69,4,0
26,94,15,1
16,34,0,0
24,51,18,0
44,47,4,0
18,41,6,0
28,36,18,0
30,78,21,0
29,90,4,0
22,76,28,1
28,45,16,0
37,44,25,0
42,29,21,0
39,64,29,0
44,30,7,0
22,96,28,1
35,72,28,0
30,91,0,0
27,87,1,0
32,47,29,0
29,94,14,1
35,84,19,0
38,68,27,0
40,66,17,0
39,71,10,0
42,73,24,0
42,79,9,0
42,76,23,0
27,66,23,0
23,50,3,0
43,65,4,0
29,45,3,0
27,24,12,0
15,71,24,1
39,94,12,0
21,73,17,1
23,52,28,0
38,69,26,0
15,57,23,0
26,46,1,0
22,34,15,0
38,80,0,0
25,40,25,0
33,65,18,0
31,88,8,0
22,25,27,0
17,57,2,0
17,81,24,1
15,81,6,1
41,97,28,0
19,93,9,1
24,65,0,0
21,32,9,0
40,22,20,0
23,25,8,0
42,27,27,0
21,63,14,0
23,52,14,0
22,94,2,0
26,96,24,1
16,69,4,0
15,30,8,0
30,47,25,0
37,89,21,0
37,60,8,0
44,35,22,0
38,87,6,0
19,67,23,0
17,75,22,1
26,83,11,1
22,78,24,1
36,81,26,0
41,95,8,0
17,30,5,0
15,37,22,0
17,38,1,0
19,74,8,0
29,45,27,0
28,25,28,0
17,23,16,0
15,48,0,0
19,78,18,1
40,36,27,0
37,62,5,0
28,99,4,0
21,85,1,0
41,53,8,0
23,27,29,0
29,32,28,0
29,27,25,0
40,84,13,0
24,62,3,0
42,58,3,0
27,78,20,1
33,63,14,0
21,28,7,0
31,56,25,0
34,93,3,0
43,55,15,0
18,47,20,0
44,61,27,0
19,62,3,0
37,61,29,0
21,85,15,1
27,74,21,1
29,91,11,1
25,67,15,0
43,41,18,0
18,46,7,0
27,86,5,1
21,32,9,0
41,64,4,0
33,29,28,0
36,28,17,0
42,73,9,0
16,46,9,0
24,53,6,0
27,20,17,0
44,51,0,0
39,90,6,0
35,86,20,0
20,39,0,0
42,54,14,0
42,97,3,0
26,36,27,0
26,37,28,0
34,64,19,0
44,72,9,0
44,87,22,0
25,84,8,1
40,20,1,0
37,77,27,0
42,45,13,0
39,39,15,0
21,29,0,0
44,78,1,0
15,94,6,1
15,60,28,0
39,24,9,0
41,84,21,0
44,36,19,0
39,41,0,0
34,60,12,0
27,87,0,0
23,88,4,0
17,30,15,0
21,75,14,1
20,70,16,0
22,40,27,0
41,95,22,0
23,45,15,0
44,38,12,0
19,79,10,1
15,90,16,1
33,66,16,0
24,90,1,0
26,45,12,0
38,59,13,0
29,24,10,0
41,40,27,0
36,97,9,0
38,23,2,0
23,42,28,0
34,34,26,0
31,27,16,0
44,60,14,0
31,38,8,0
40,65,9,0
34,47,7,0
26,87,20,1
44,34,12,0
21,56,26,0
16,20,17,0
17,86,4,0
31,43,5,0
19,46,29,0
31,59,16,0
38,82,10,0
31,80,19,0
41,55,15,0
31,43,8,0
16,43,1,0
16,23,4,0
42,86,0,0
36,53,3,0
37,76,3,0
19,68,21,0
15,72,25,1
15,42,24,0
33,88,2,0
44,72,8,0
16,81,21,1
35,60,22,0
26,76,11,1
40,79,9,0
20,73,1,0
37,89,10,0
18,76,9,1
37,29,29,0
25,59,21,0
38,26,5,0
41,57,17,0
31,80,1,0
20,22,29,0
38,70,1,0
19,66,9,0
34,87,15,0
16,95,11,1
20,57,0,0
36,55,20,0
25,60,7,0
30,88,15,0
30,32,17,0
15,77,12,1
23,69,14,0
42,49,20,0
41,81,11,0
20,44,7,0
30,46,9,0
43,70,13,0
17,97,4,0
34,76,17,0
42,66,18,0
41,58,14,0
18,35,5,0
33,41,26,0
40,73,10,0
17,40,20,0
33,91,10,0
34,35,19,0
21,78,19,1
34,50,20,0
23,61,17,0
15,93,24,1
22,51,17,0
21,78,9,1
32,53,1,0
22,28,25,0
15,30,29,0
25,29,8,0
42,36,13,0
39,87,18,0
39,67,9,0
32,71,22,0
37,44,3,0
44,40,28,0
24,84,28,1
17,82,5,0
21,70,13,0
42,55,3,0
30,85,25,0
40,34,14,0
30,58,15,0
39,89,6,0
34,20,16,0
42,42,18,0
31,58,28,0
16,76,18,1
15,53,16,0
30,60,5,0
44,92,28,0
26,32,10,0
19,89,15,1
19,25,29,0
41,71,24,0
37,22,7,0
23,82,10,1
23,68,6,1
17,95,25,1
33,66,23,0
30,74,21,0
30,83,24,0
17,84,18,1
34,86,25,0
38,34,9,0
36,51,8,0
38,87,3,0
15,37,22,0
38,62,14,0
34,54,12,0
25,97,24,1
31,77,1,0
22,52,1,0
18,33,15,0
20,53,8,0
22,80,27,1
34,23,12,0
44,78,2,0
17,48,8,0
30,25,12,0
44,68,20,0
39,59,21,0
17,84,1,0
39,88,7,0
43,46,26,0
32,99,8,0
28,25,15,0
32,32,1,0
16,83,5,0
36,81,21,0
17,38,7,0
30,95,25,0
43,99,27,0
23,62,4,0
18,93,8,1
15,39,0,0
18,87,8,1
15,63,9,0
28,42,22,0
35,21,3,0
30,41,2,0
34,76,29,0
38,91,9,0
22,26,14,0
21,97,10,1
17,75,13,1
31,86,5,0
15,35,11,0
30,70,12,0
26,99,16,1
41,91,15,0
33,31,2,0
36,72,1,0
37,94,10,0
36,24,28,0
28,46,8,0
44,31,2,0
20,36,28,0
20,25,17,0
27,24,19,0
33,76,14,0
36,47,13,0
22,97,1,0
41,88,16,0
41,78,21,0
16,52,25,0
35,81,7,0
44,69,9,0
15,38,25,0
42,88,17,0
29,85,29,1
15,66,24,0
19,58,28,0
42,87,18,0
43,52,7,0
30,32,27,0
33,73,7,0
18,26,2,0
17,98,2,0
31,33,11,0
31,38,21,0
26,73,16,1
42,39,3,0
44,48,16,0
43,43,13,0
28,82,18,1
35,93,8,0
20,76,29,1
17,27,29,0
42,81,20,0
23,48,11,0
19,93,4,0
38,36,10,0
43,85,19,0
31,25,2,0
28,77,20,1
35,88,14,0
17,47,13,0
42,81,10,0
15,60,19,0
34,88,7,0
43,60,3,0
35,68,26,0
37,68,11,0
15,95,7,1
17,90,5,0
32,22,14,0
39,29,29,0
24,54,11,0
36,99,15,0
40,21,15,0
17,43,26,0
22,93,20,1
28,57,19,0
38,41,19,0
32,45,27,0
29,62,3,0
36,74,10,0
37,58,12,0
16,48,28,0
41,39,8,0
24,60,3,0
16,73,11,1
40,39,8,0
31,38,12,0
22,85,15,1
15,49,25,0
23,72,5,1
25,53,9,0
36,41,12,0
30,86,6,1
21,25,27,0
43,98,25,0
24,46,18,0
37,29,23,0
40,92,18,0
17,67,16,0
32,89,12,0
39,78,12,0
38,78,25,0
27,21,27,0
42,48,20,0
40,87,1,0
21,84,9,1
39,45,29,0
18,29,21,0
27,72,12,1
34,98,25,0
15,78,8,1
22,41,0,0
28,70,13,0
30,67,28,0
28,40,15,0
26,41,19,0
33,49,14,0
37,44,0,0
29,47,16,0
42,84,23,0
16,64,29,0
16,87,29,1
37,26,12,0
36,68,29,0
33,28,26,0
39,55,14,0
40,20,15,0
44,29,15,0
43,55,1,0
36,92,16,0
40,65,10,0
40,51,7,0
36,51,19,0
31,25,2,0
34,67,28,0
24,57,11,0
20,36,19,0
29,93,15,1
36,46,13,0
25,73,15,1
42,69,26,0
19,54,20,0
15,44,16,0
22,47,29,0
35,34,10,0
42,23,16,0
26,92,18,1
26,46,21,0
19,45,0,0
21,38,29,0
18,36,26,0
20,62,11,0
27,60,14,0
34,61,17,0
44,69,27,0
29,59,29,0
17,58,22,0
37,42,13,0
22,71,29,1
34,66,0,0
30,82,12,0
27,88,29,1
32,62,14,0
42,67,6,0
24,53,14,0
44,59,19,0
33,94,9,0
31,80,13,0
38,69,5,0
33,86,13,0
42,81,23,0
40,77,24,0
37,52,21,0
40,94,11,0
19,35,10,0
40,67,28,0
35,29,29,0
44,57,24,0
37,38,19,0
23,55,21,0
26,78,23,1
35,82,24,0
15,96,18,1
40,65,1,0
40,22,21,0
15,93,19,1
29,84,0,0
16,27,7,0
44,70,24,0
36,92,13,0
30,25,8,0
39,58,1,0
22,79,24,1
27,47,22,0
35,73,4,0
15,56,22,0
30,28,28,0
43,75,24,0
21,78,7,1
19,21,15,0
36,80,21,0
43,77,15,0
37,79,12,0
17,59,19,0
26,55,28,0
40,56,14,0
30,98,0,0
33,37,21,0
19,82,2,0
36,41,5,0
39,30,21,0
43,77,13,0
28,76,3,0
42,96,17,0
19,23,14,0
29,26,8,0
31,80,17,0
44,73,2,0
28,87,9,1
44,98,16,0
34,20,6,0
19,74,14,1
26,22,0,0
30,97,26,0
40,57,24,0
40,20,26,0
30,57,10,0
35,48,16,0
21,24,4,0
18,93,6,1
15,40,18,0
44,90,24,0
44,86,23,0
19,66,28,0
37,54,14,0
40,87,2,0
24,88,14,1
36,20,4,0
19,87,22,1
18,31,11,0
16,79,29,1
34,46,19,0
24,75,4,0
40,42,2,0
33,44,8,0
40,40,25,0
15,80,8,1
38,82,6,0
19,71,25,1
27,44,1,0
18,74,22,1
30,65,22,0
38,51,26,0
30,74,20,0
37,24,15,0
16,55,8,0
31,68,12,0
42,77,27,0
41,58,26,0
34,99,18,0
38,80,19,0
26,28,16,0
32,25,5,0
17,54,3,0
42,58,0,0
15,41,17,0
15,60,18,0
43,24,8,0
33,61,12,0
25,95,7,1
19,99,22,1
26,86,12,1
17,49,14,0
15,76,10,1
15,92,11,1
22,48,13,0
24,56,3,0
25,32,0,0
26,51,23,0
43,65,3,0
27,42,18,0
26,64,8,0
28,36,9,0
16,85,3,0
43,25,19,0
33,37,29,0
32,41,8,0
17,52,12,0
37,49,11,0
31,51,10,0
40,61,11,0
22,97,29,1
43,29,17,0
40,55,29,0
24,53,11,0
40,92,15,0
44,47,4,0
16,30,19,0
33,97,24,0
23,58,11,0
21,66,20,0
18,38,24,0
40,34,10,0
35,47,8,0
32,43,29,0
27,91,17,1
25,28,29,0
43,66,24,0
38,52,2,0
18,81,19,1
39,38,16,0
35,86,13,0
43,93,0,0
39,59,16,0
18,66,24,0
24,84,26,1
19,48,7,0
23,69,4,0
38,32,4,0
17,20,8,0
31,53,2,0
17,67,18,0
30,96,22,0
18,67,8,0
32,68,21,0
31,83,29,0
21,80,17,1
38,48,15,0
37,58,0,0
44,45,1,0
19,36,13,0
26,90,13,1
31,32,0,0
37,88,25,0
27,45,25,0
37,68,24,0
39,86,15,0
17,26,14,0
23,77,25,1
44,68,14,0
31,72,11,0
31,84,15,0
44,81,13,0
34,36,28,0
30,62,23,0
39,44,14,0
36,22,22,0
27,98,14,1
41,48,18,0
33,51,7,0
31,45,1,0
18,35,1,0
26,44,26,0
43,73,9,0
23,47,2,0
33,92,22,0
26,75,16,1
23,84,7,1
21,99,27,1
42,60,22,0
28,70,3,0
34,90,13,0
33,97,20,0
40,48,9,0
29,38,28,0
30,85,0,0
35,60,3,0
19,64,0,0
17,34,16,0
26,22,25,0
39,30,16,0
34,72,6,0
41,65,22,0
35,49,19,0
18,76,14,1
35,37,12,0
37,70,27,0
30,67,1,0
39,85,27,0
21,27,18,0
27,41,23,0
35,25,12,0
24,95,23,1
40,76,10,0
21,55,26,0
28,98,21,1
40,76,14,0
19,68,9,0
17,64,8,0
37,85,26,0
43,96,27,0
25,64,8,0
25,98,19,1
32,39,27,0
29,83,0,0
26,86,16,1
23,22,11,0
24,73,9,1
40,97,4,0
26,83,29,1
31,59,28,0
43,78,17,0
20,74,14,1
21,81,5,1
28,23,6,0
27,79,16,1
22,94,5,1
24,49,7,0
23,21,11,0
32,81,20,0
41,68,13,0
40,28,11,0
16,50,22,0
19,80,9,1
43,98,21,0
19,67,19,0
20,44,14,0
33,55,6,0
22,27,25,0
30,92,8,1
27,77,9,1
15,64,9,0
36,81,15,0
34,58,28,0
31,77,6,0
21,83,27,1
39,63,29,0
27,48,4,0
18,78,22,1
18,90,2,0
20,28,17,0
42,25,10,0
33,48,14,0
43,77,20,0
26,36,19,0
36,35,4,0
21,22,23,0
41,40,11,0
24,83,3,0
40,55,14,0
33,81,8,0
21,61,6,0
44,95,9,0
17,61,28,0
27,80,27,1
27,32,22,0
32,30,12,0
42,73,28,0
44,35,7,0
40,27,11,0
34,78,21,0
42,76,23,0
22,59,18,0
43,78,25,0
23,21,25,0
21,95,29,1
15,29,0,0
17,63,15,0
27,30,21,0
42,98,16,0
44,99,24,0
39,21,29,0
42,69,17,0
31,31,10,0
39,42,17,0
38,37,6,0
15,81,17,1
20,81,25,1
35,57,7,0
20,86,5,1
40,57,29,0
26,86,6,1
27,80,22,1
27,20,21,0
43,64,9,0
29,47,10,0
35,40,24,0
30,32,12,0
36,46,8,0
35,26,6,0
25,41,8,0
42,93,12,0
19,72,25,1
18,98,2,0
17,98,2,0
33,23,0,0
34,42,20,0
39,89,19,0
32,95,1,0
29,52,24,0
23,47,2,0
31,27,14,0
28,20,23,0
29,56,5,0
15,82,29,1
35,41,12,0
36,89,20,0
36,40,0,0
17,54,19,0
30,98,18,0
37,24,0,0
39,79,27,0
25,65,20,0
26,69,21,0
24,67,1,0
30,25,14,0
22,75,13,1
20,78,18,1
26,48,10,0
38,90,29,0
42,96,14,0
35,37,5,0
22,21,19,0
40,27,8,0
42,94,4,0
18,73,19,1
40,57,1,0
22,67,5,1
40,46,25,0
42,39,17,0
32,31,27,0
42,62,28,0
42,80,22,0
19,50,18,0
23,80,8,1
18,93,26,1
41,86,20,0
36,54,23,0
31,34,26,0
23,35,5,0
15,32,13,0
35,54,27,0
34,94,25,0
27,78,23,1
42,40,28,0
30,73,12,0
43,94,10,0
27,49,11,0
28,67,18,0
17,54,18,0
43,57,20,0
20,50,26,0
32,97,25,0
33,43,18,0
19,68,23,0
29,51,25,0
39,74,12,0
16,98,27,1
24,77,13,1
38,22,23,0
44,99,17,0
32,88,11,0
41,29,3,0
27,44,9,0
19,87,28,1
37,80,16,0
38,48,3,0
15,38,11,0
36,62,12,0
15,85,28,1
32,93,26,0
29,80,28,1
31,62,3,0
25,44,9,0
35,39,24,0
40,67,2,0
39,43,14,0
36,30,1,0
41,74,24,0
41,47,24,0
31,88,16,0
27,82,5,1
15,78,25,1
16,24,7,0
23,70,2,0
17,40,26,0
15,31,24,0
35,69,17,0
30,23,21,0
37,61,0,0
20,57,28,0
42,44,15,0
31,33,6,0
19,94,2,0
19,51,22,0
20,30,3,0
17,80,8,1
35,37,4,0
37,46,18,0
19,74,14,1
35,73,7,0
19,94,5,0
24,40,17,0
24,63,18,0
33,24,23,0
31,60,14,0
35,78,25,0
28,73,6,1
23,93,9,1
28,41,5,0
15,84,13,1
33,83,16,0
27,90,8,1
27,23,18,0
18,84,29,1
44,34,4,0
15,95,22,1
31,41,6,0
22,66,18,0
16,65,19,0
42,33,25,0
22,69,6,1
21,39,23,0
40,69,1,0
40,52,24,0
16,78,22,1
36,62,15,0
36,98,12,0
17,31,7,0
41,59,5,0
32,39,5,0
26,57,8,0
15,22,3,0
36,47,26,0
26,75,10,1
19,32,4,0
44,96,24,0
44,85,16,0
41,56,19,0
39,68,6,0
31,85,26,0
30,55,14,0
29,73,24,1
37,45,14,0
29,94,13,1
19,91,12,1
35,59,10,0
28,62,27,0
16,41,12,0
25,39,25,0
33,27,21,0
21,48,27,0
20,59,23,0
42,49,28,0
16,74,8,0
20,35,9,0
32,65,3,0
16,81,16,1
32,26,13,0
44,99,23,0
29,64,17,0
41,78,10,0
33,75,15,0
16,67,0,0
34,46,28,0
39,72,6,0
20,92,27,1
15,54,9,0
38,70,8,0
29,56,26,0
42,76,27,0
44,27,27,0
37,98,24,0
24,39,2,0
33,72,21,0
31,31,22,0
19,68,13,0
43,36,25,0
18,83,24,1
24,61,14,0
38,48,1,0
31,38,23,0
24,30,13,0
31,69,15,0
42,90,6,0
34,77,3,0
38,53,17,0
19,39,23,0
16,69,26,0
20,29,4,0
35,51,5,0
16,71,29,1
27,34,26,0
44,22,6,0
25,56,14,0
25,59,25,0
30,91,0,0
25,59,23,0
33,75,3,0
29,42,28,0
39,30,24,0
37,83,0,0
37,27,10,0
30,75,17,0
25,79,13,1
36,29,21,0
30,58,10,0
22,47,9,0
18,68,26,0
22,55,29,0
18,32,16,0
38,55,3,0
39,45,23,0
17,23,14,0
17,83,25,1
41,57,15,0
43,41,20,0
32,21,12,0
43,50,8,0
40,30,10,0
33,65,10,0
33,81,5,0
35,88,0,0
19,83,21,1
32,29,5,0
42,59,12,0
24,43,21,0
43,63,23,0
36,79,21,0
35,81,4,0
20,36,14,0
15,84,26,1
19,76,17,1
23,74,19,1
26,72,13,1
40,75,14,0
28,28,25,0
16,41,4,0
31,32,25,0
28,67,3,0
40,37,1,0
27,95,6,1
41,59,9,0
23,36,15,0
40,34,9,0
39,34,17,0
29,98,16,1
39,82,29,0
36,58,20,0
29,32,27,0
38,51,12,0
44,28,0,0
25,59,0,0
30,39,14,0
43,96,0,0
31,99,5,0
40,92,24,0
18,82,25,1
15,95,12,1
22,63,26,0
31,57,27,0
17,79,0,0
43,90,4,0
34,67,8,0
29,37,29,0
29,35,24,0
38,74,16,0
36,58,15,0
28,87,7,1
40,78,16,0
42,81,14,0
37,32,23,0
28,25,0,0
38,96,11,0
16,79,4,0
27,33,23,0
40,73,5,0
28,23,24,0
41,58,0,0
38,91,24,0
33,44,0,0
21,96,9,1
17,51,9,0
29,78,2,0
37,82,16,0
28,57,18,0
25,72,27,1
29,86,10,1
42,47,28,0
27,22,17,0
32,99,1,0
40,41,8,0
20,57,23,0
17,91,16,1
33,91,27,0
29,81,13,1
39,76,3,0
37,25,28,0
19,97,16,1
42,51,16,0
24,29,11,0
21,22,27,0
39,78,19,0
31,95,17,0
21,68,2,0
36,78,10,0
40,50,24,0
44,88,17,0
26,81,3,0
39,71,16,0
31,60,17,0
27,50,4,0
34,41,13,0
39,23,9,0
18,32,14,0
24,64,0,0
17,61,15,0
23,68,10,1
27,39,22,0
32,96,19,0
29,73,5,1
18,55,23,0
29,20,28,0
36,34,21,0
16,96,15,1
29,36,29,0
22,43,1,0
22,77,0,0
31,91,23,0
26,42,23,0
33,65,8,0
24,91,21,1
23,27,11,0
19,78,16,1
20,78,29,1
34,32,24,0
40,58,27,0
16,47,28,0
41,80,14,0
38,35,29,0
41,21,18,0
27,36,26,0
20,49,21,0
19,32,9,0
39,32,28,0
15,62,25,0
35,40,26,0
36,74,11,0
35,59,13,0
20,34,8,0
20,92,26,1
37,71,12,0
30,93,2,0
18,72,20,1
44,71,28,0
25,49,13,0
44,52,20,0
44,76,9,0
44,71,15,0
38,28,6,0
37,73,3,0
23,20,26,0
37,63,19,0
17,94,22,1
33,99,24,0
22,28,10,0
19,51,15,0
18,34,19,0
38,31,3,0
20,97,21,1
16,76,21,1
34,27,22,0
42,91,16,0
25,46,12,0
18,81,10,1
29,31,29,0
20,84,2,0
36,61,8,0
31,81,5,0
44,30,21,0
38,62,20,0
20,36,10,0
33,51,15,0
44,59,18,0
39,42,26,0
16,75,4,0
29,25,13,0
25,69,16,0
22,56,2,0
40,83,3,0
33,73,15,0
27,91,15,1
26,68,20,0
19,30,25,0
20,68,24,0
40,40,3,0
36,85,18,0
18,82,25,1
33,47,16,0
34,36,12,0
15,25,25,0
34,38,21,0
31,75,22,0
26,47,25,0
29,85,23,1
15,57,27,0
40,56,0,0
28,87,11,1
20,68,3,0
19,62,10,0
44,55,4,0
25,77,1,0
18,32,16,0
27,71,7,1
25,77,5,1
17,51,20,0
15,79,28,1
20,77,8,1
32,75,12,0
38,47,10,0
24,20,28,0
19,61,15,0
37,67,15,0
24,59,26,0
26,82,1,0
16,95,9,1
27,91,11,1
22,99,7,1
16,23,10,0
34,57,29,0
15,46,9,0
19,28,12,0
23,35,24,0
31,75,16,0
23,95,6,1
25,50,23,0
29,33,2,0
38,44,29,0
20,53,19,0
37,86,12,0
17,43,18,0
44,92,6,0
31,45,8,0
19,39,18,0
44,83,12,0
42,29,21,0
26,86,7,1
32,43,21,0
28,24,17,0
35,86,28,0
38,77,22,0
25,46,1,0
23,99,17,1
16,34,17,0
26,54,10,0
17,95,0,0
17,72,13,1
15,63,15,0
22,45,10,0
36,66,0,0
42,53,29,0
43,69,6,0
22,31,28,0
25,23,15,0
23,67,29,0
19,74,13,1
28,20,14,0
42,85,13,0
44,49,27,0
17,22,20,0
35,40,10,0
19,68,15,0
19,81,18,1
33,57,16,0
41,34,26,0
28,71,25,1
40,98,5,0
44,65,10,0
18,44,16,0
39,40,8,0
27,24,17,0
24,89,16,1
39,66,11,0
32,87,22,0
22,37,21,0
22,40,21,0
21,42,29,0
22,83,4,0
28,86,10,1
33,59,3,0
43,29,26,0
20,71,3,0
15,91,2,0
37,94,25,0
29,80,23,1
15,83,22,1
39,24,24,0
31,72,16,0
15,74,6,0
29,56,25,0
37,75,3,0
16,78,22,1
28,88,12,1
35,92,11,0
22,78,0,0
22,21,20,0
33,84,18,0
21,79,20,1
33,70,19,0
20,49,17,0
20,30,10,0
17,95,19,1
21,58,2,0
33,96,28,0
22,91,16,1
24,82,11,1
34,83,9,0
29,80,7,1
29,73,14,1
43,92,4,0
15,77,3,0
34,75,25,0
44,53,27,0
21,50,20,0
41,71,19,0
18,95,18,1
43,20,20,0
20,74,3,0
39,41,14,0
15,59,16,0
43,20,11,0
19,84,2,0
41,82,9,0
37,73,14,0
15,61,9,0
44,40,23,0
18,98,22,1
36,41,17,0
16,57,0,0
24,99,2,0
19,27,20,0
41,81,25,0
24,66,26,0
15,36,11,0
36,36,0,0
20,32,2,0
27,36,2,0
29,57,4,0
18,97,18,1
27,64,28,0
38,25,24,0
34,54,0,0
38,33,3,0
29,91,28,1
43,80,28,0
22,34,25,0
19,73,25,1
43,46,3,0
29,32,16,0
18,50,13,0
26,54,17,0
27,79,26,1
16,25,0,0
41,88,21,0
33,77,15,0
33,68,2,0
18,42,22,0
18,53,20,0
40,45,8,0
25,66,22,0
41,24,3,0
19,39,20,0
34,25,4,0
25,89,10,1
44,78,20,0
24,83,25,1
22,37,8,0
20,23,25,0
20,36,2,0
22,33,5,0
37,97,23,0
29,32,10,0
40,26,8,0
28,63,28,0
25,34,14,0
26,38,22,0
40,82,27,0
27,54,2,0
22,54,0,0
44,38,19,0
32,39,28,0
39,54,21,0
15,51,18,0
29,67,13,0
22,63,16,0
42,43,21,0
25,80,13,1
26,36,16,0
26,90,24,1
18,69,26,0
30,84,13,0
18,51,11,0
19,55,15,0
38,32,0,0
19,89,12,1
22,77,5,1
24,33,16,0
31,56,11,0
42,98,22,0
40,87,18,0
23,59,5,0
36,78,6,0
33,99,0,0
43,35,0,0
28,81,28,1
22,23,4,0
23,64,5,0
36,47,15,0
25,85,24,1
37,50,15,0
15,22,13,0
28,27,0,0
19,43,12,0
35,34,19,0
40,62,9,0
28,50,23,0
18,92,9,1
36,64,8,0
37,85,12,0
39,27,2,0
15,90,26,1
36,76,17,0
37,99,19,0
33,49,1,0
22,93,16,1
29,37,27,0
35,88,18,0
29,58,22,0
23,79,12,1
35,62,12,0
23,64,0,0
24,42,1,0
34,88,0,0
39,25,23,0
35,75,4,0
40,23,23,0
23,42,2,0
17,25,28,0
34,51,27,0
39,37,6,0
40,34,23,0
25,59,21,0
20,92,12,1
16,93,28,1
21,25,22,0
32,82,29,0
41,86,27,0
16,30,17,0
41,62,23,0
31,36,20,0
25,23,6,0
41,82,0,0
26,87,4,0
41,60,16,0
33,24,27,0
36,51,28,0
38,89,7,0
39,54,14,0
21,41,19,0
34,84,3,0
20,41,1,0
35,30,4,0
38,96,0,0
15,22,24,0
31,28,4,0
43,79,5,0
25,95,1,0
36,33,25,0
40,37,25,0
42,92,0,0
32,42,3,0
35,93,6,0
31,66,21,0
21,88,25,1
31,66,0,0
34,49,0,0
23,44,7,0
31,47,19,0
34,44,15,0
36,93,20,0
36,97,12,0
42,77,22,0
43,60,23,0
22,44,25,0
31,97,22,0
21,67,17,0
15,29,29,0
27,94,19,1
44,30,9,0
37,40,11,0
33,64,0,0
41,26,9,0
38,83,8,0
33,83,2,0
44,21,27,0
44,95,18,0
43,61,25,0
31,73,8,0
27,94,9,1
43,35,18,0
44,37,15,0
30,78,23,0
22,35,17,0
33,25,13,0
32,76,28,0
15,66,2,0
28,67,1,0
33,61,0,0
29,95,17,1
32,79,23,0
16,96,8,1
36,23,12,0
42,21,1,0
31,78,6,0
32,46,15,0
44,46,20,0
20,98,18,1
33,91,24,0
18,26,14,0
15,82,21,1
22,65,10,0
43,82,0,0
37,31,20,0
21,32,6,0
17,62,19,0
24,36,7,0
24,82,9,1
33,55,4,0
28,27,8,0
16,88,24,1
42,99,24,0
15,55,0,0
37,47,1,0
37,66,18,0
42,95,13,0
32,49,19,0
21,42,9,0
43,35,8,0
22,33,9,0
15,93,28,1
39,90,5,0
37,71,16,0
17,56,27,0
38,48,24,0
37,86,5,0
41,34,3,0
43,66,29,0
22,65,19,0
36,71,2,0
39,38,22,0
29,96,18,1
19,40,17,0
17,83,25,1
33,56,23,0
15,46,3,0
42,74,7,0
29,48,16,0
22,39,4,0
16,44,12,0
17,89,24,1
38,82,0,0
28,55,26,0
38,21,12,0
28,41,3,0
25,35,21,0
30,37,25,0
18,88,23,1
34,73,13,0
19,49,2,0
36,64,4,0
35,38,6,0
28,53,0,0
37,32,22,0
30,62,28,0
32,81,11,0
21,41,10,0
24,71,23,1
21,71,7,1
15,55,24,0
37,92,5,0
35,38,27,0
33,57,21,0
30,89,1,0
43,98,18,0
33,76,19,0
18,39,19,0
43,28,23,0
42,51,13,0
32,23,0,0
16,69,9,0
15,24,15,0
29,39,29,0
19,94,3,0
34,56,26,0
25,41,27,0
24,77,28,1
16,87,10,1
17,63,15,0
37,53,26,0
37,96,19,0
26,61,0,0
34,28,15,0
19,26,18,0
19,87,20,1
20,38,21,0
44,50,8,0
23,54,8,0
16,76,8,1
35,80,26,0
26,50,16,0
17,72,11,1
34,51,24,0
40,85,12,0
36,78,7,0
26,29,15,0
38,21,17,0
31,85,28,0
24,79,26,1
44,36,0,0
38,35,0,0
41,35,11,0
28,65,5,0
37,58,8,0
31,50,22,0
32,20,4,0
33,30,26,0
31,23,15,0
28,90,17,1
23,45,16,0
22,69,17,0
16,31,0,0
27,94,18,1
39,84,21,0
21,66,28,0
23,72,7,1
36,90,2,0
36,21,25,0
25,43,24,0
28,23,25,0
18,38,4,0
40,45,22,0
40,94,7,0
43,59,18,0
27,69,17,0
16,62,17,0
37,94,20,0
19,86,0,0
25,31,14,0
20,86,17,1
32,46,28,0
35,73,24,0
24,85,6,1
18,68,15,0
23,35,15,0
20,21,14,0
16,79,5,0
31,73,8,0
19,49,6,0
39,57,13,0
20,47,10,0
40,44,20,0
26,29,15,0
37,79,24,0
35,61,5,0
24,59,21,0
36,96,26,0
35,61,15,0
41,66,19,0
39,56,28,0
20,99,15,1
41,41,11,0
22,76,16,1
16,46,4,0
26,60,26,0
27,99,24,1
39,53,12,0
35,51,7,0
21,85,23,1
24,31,4,0
27,59,11,0
31,92,8,0
40,95,2,0
35,92,2,0
42,29,0,0
44,67,24,0
40,39,21,0
28,58,17,0
16,79,23,1
42,85,11,0
36,84,8,0
25,70,8,1
15,55,17,0
33,43,17,0
35,46,28,0
18,21,6,0
33,50,26,0
40,76,3,0
43,97,12,0
35,85,16,0
25,48,23,0
22,34,1,0
25,31,13,0
18,47,2,0
31,43,4,0
41,40,13,0
21,29,2,0
22,97,22,1
17,37,6,0
36,33,29,0
16,53,17,0
37,77,12,0
29,95,28,1
38,41,22,0
36,89,26,0
36,55,21,0
19,64,9,0
38,55,24,0
15,41,12,0
40,97,15,0
18,99,8,1
29,80,1,0
34,75,22,0
33,52,4,0
17,64,28,0
34,55,21,0
25,39,16,0
31,37,22,0
44,57,21,0
41,86,3,0
27,42,16,0
25,35,8,0
16,78,19,1
23,88,1,0
40,87,23,0
16,40,17,0
35,97,20,0
23,97,26,1
23,89,21,1
22,31,10,0
31,35,12,0
15,33,7,0
39,80,26,0
43,90,0,0
25,65,16,0
22,51,11,0
24,34,3,0
39,63,20,0
21,36,12,0
17,60,28,0
17,73,8,0
32,63,26,0
19,24,29,0
26,46,6,0
26,97,22,1
33,98,23,0
44,62,4,0
20,50,4,0
16,36,16,0
26,73,29,1
33,81,8,0
19,51,5,0
26,59,24,0
41,32,18,0
41,54,15,0
31,24,20,0
43,92,1,0
31,48,9,0
24,89,15,1
39,44,4,0
37,41,14,0
31,85,12,0
29,64,12,0
26,88,12,1
44,91,14,0
30,20,13,0
38,63,7,0
33,94,10,0
22,58,17,0
35,73,23,0
31,94,3,0
37,48,25,0
19,73,9,0
36,35,0,0
30,39,28,0
20,65,4,0
22,86,12,1
39,84,0,0
32,77,22,0
39,72,7,0
26,20,2,0
29,85,2,0
41,48,6,0
40,89,3,0
23,27,2,0
27,48,14,0
40,70,7,0
29,52,2,0
24,22,28,0
30,79,29,0
21,54,6,0
31,88,17,0
37,95,10,0
40,39,10,0
35,92,16,0
36,58,27,0
40,23,5,0
21,38,7,0
28,64,0,0
29,62,28,0
35,32,9,0
21,32,27,0
23,79,24,1
33,76,18,0
30,71,2,0
22,72,3,0
32,62,10,0
41,91,14,0
37,91,0,0
43,61,8,0
32,45,10,0
44,42,18,0
34,62,12,0
21,96,25,1
17,47,15,0
32,28,3,0
41,39,0,0
24,75,19,1
21,58,12,0
31,70,0,0
28,31,4,0
38,98,4,0
17,74,13,1
26,97,26,1
42,30,22,0
27,45,13,0
16,61,7,0
17,46,3,0
19,30,6,0
25,57,19,0
22,62,18,0
40,38,14,0
37,83,21,0
37,25,3,0
26,65,29,0
21,61,18,0
29,84,8,1
38,91,20,0
31,78,12,0
18,71,13,1
43,66,22,0
36,26,27,0
39,30,13,0
27,80,21,1
32,87,9,0
15,44,15,0
30,31,4,0
27,45,22,0
24,31,26,0
26,62,5,0
44,70,25,0
16,56,1,0
37,65,12,0
17,72,28,1
24,99,12,1
16,32,18,0
44,73,17,0
41,76,27,0
37,23,18,0
27,94,0,0
27,68,7,1
32,26,21,0
17,30,15,0
41,73,28,0
21,64,1,0
28,42,7,0
34,47,5,0
43,76,15,0
44,45,22,0
31,44,10,0
43,73,16,0
44,48,22,0
35,55,18,0
26,33,10,0
39,97,27,0
30,54,7,0
38,49,21,0
26,36,3,0
29,86,10,1
39,99,7,0
24,49,8,0
44,64,25,0
39,98,1,0
21,70,15,0
34,66,5,0
19,72,20,1
15,83,20,1
44,57,25,0
31,83,26,0
17,26,18,0
27,41,27,0
28,60,7,0
38,93,13,0
44,29,23,0
32,76,15,0
18,26,11,0
32,69,4,0
44,71,23,0
19,52,25,0
39,20,23,0
30,72,18,0
15,79,17,1
35,53,8,0
28,23,1,0
29,36,24,0
23,23,19,0
29,62,11,0
31,23,28,0
39,20,1,0
38,90,9,0
18,69,0,0
26,92,3,0
41,80,24,0
40,54,11,0
19,27,8,0
43,43,3,0
19,55,8,0
25,69,27,0
42,62,5,0
20,46,0,0
21,51,9,0
38,97,28,0
28,37,13,0
38,47,21,0
25,48,24,0
44,35,28,0
27,66,17,0
16,78,5,0
39,50,17,0
21,23,19,0
34,56,15,0
18,36,14,0
41,58,15,0
22,67,7,1
34,65,12,0
43,67,22,0
36,58,10,0
35,23,27,0
33,49,28,0
27,49,24,0
28,41,6,0
24,94,16,1
25,85,17,1
16,31,21,0
39,55,22,0
40,37,18,0
23,72,24,1
31,90,12,0
40,20,14,0
17,77,22,1
38,25,29,0
20,89,21,1
19,63,28,0
19,91,21,1
36,43,0,0
29,38,28,0
37,37,15,0
31,49,4,0
23,61,25,0
17,52,2,0
34,93,22,0
40,31,9,0
31,46,18,0
43,58,4,0
41,28,6,0
24,40,13,0
17,95,2,0
32,48,12,0
32,52,12,0
44,81,9,0
31,34,1,0
38,21,5,0
17,71,7,0
17,63,3,0
20,73,24,1
27,37,11,0
38,22,27,0
43,26,14,0
29,62,7,0
39,57,6,0
23,56,13,0
18,77,22,1
28,52,18,0
19,78,13,1
16,30,21,0
25,87,12,1
23,87,28,1
38,41,20,0
17,85,0,0
41,63,26,0
42,25,18,0
43,61,28,0
23,44,27,0
17,76,0,0
39,74,3,0
16,35,9,0
26,33,2,0
24,58,26,0
23,47,19,0
29,70,8,1
22,68,2,0
39,28,27,0
19,77,5,0
25,64,5,0
41,41,22,0
16,51,24,0
38,88,11,0
42,88,22,0
29,61,29,0
20,72,0,0
22,78,15,1
41,93,23,0
19,58,4,0
30,34,8,0
40,90,9,0
32,48,12,0
20,22,14,0
19,29,11,0
42,48,4,0
30,98,4,0
27,54,27,0
42,25,27,0
19,31,29,0
27,57,17,0
31,96,11,0
32,38,26,0
22,86,2,0
27,27,25,0
44,27,24,0
43,66,6,0
33,23,16,0
40,70,18,0
17,86,27,1
38,64,17,0
22,27,0,0
16,35,24,0
22,96,23,1
41,86,4,0
27,28,26,0
27,79,27,1
15,97,1,0
20,96,0,0
38,90,6,0
33,34,28,0
30,90,10,1
22,60,10,0
42,41,17,0
15,43,16,0
41,63,1,0
41,20,6,0
30,29,6,0
23,99,9,1
27,91,21,1
25,75,20,1
27,69,2,0
39,31,29,0
35,79,11,0
24,45,2,0
18,97,10,1
41,60,28,0
20,55,11,0
42,42,24,0
21,62,3,0
19,25,24,0
25,88,15,1
27,62,19,0
40,44,17,0
39,37,3,0
33,81,21,0
37,32,5,0
24,62,20,0
24,97,14,1
25,47,0,0
35,37,2,0
44,78,4,0
21,79,21,1
32,82,29,0
18,76,16,1
16,70,29,0
28,75,13,1
27,46,8,0
43,51,29,0
26,28,2,0
21,87,25,1
16,65,12,0
27,86,2,0
28,45,10,0
41,27,1,0
31,25,23,0
23,99,14,1
31,43,12,0
22,67,18,0
16,64,21,0
42,32,15,0
38,88,17,0
27,44,6,0
17,39,12,0
30,85,3,0
20,93,8,1
33,64,29,0
44,66,9,0
21,82,8,1
24,95,6,1
23,96,14,1
16,74,27,1
42,94,7,0
42,38,18,0
29,54,10,0
44,72,4,0
19,45,1,0
43,33,9,0
36,64,15,0
18,63,22,0
34,84,12,0
18,70,7,0
32,62,8,0
18,42,10,0
41,75,10,0
31,38,22,0
26,95,25,1
36,74,15,0
31,79,9,0
24,78,28,1
36,52,23,0
15,38,11,0
36,47,24,0
40,71,5,0
38,68,27,0
41,56,11,0
32,45,9,0
32,59,17,0
28,99,17,1
29,57,3,0
43,96,8,0
26,73,6,1
18,41,17,0
41,35,7,0
17,47,10,0
34,54,6,0
43,79,8,0
26,64,7,0
21,65,2,0
43,91,16,0
25,74,1,0
15,45,14,0
20,44,13,0
29,84,28,1
29,25,17,0
33,42,15,0
25,83,19,1
40,62,21,0
37,42,3,0
40,49,24,0
16,96,19,1
28,37,5,0
16,98,5,0
43,40,25,0
18,76,10,1
31,42,25,0
17,64,16,0
27,63,23,0
23,66,27,0
21,59,2,0
29,70,12,0
37,61,21,0
43,26,2,0
43,69,15,0
25,67,14,0
34,25,10,0
16,28,17,0
29,76,14,1
28,50,4,0
34,40,15,0
36,59,29,0
25,64,15,0
41,96,16,0
17,68,8,0
31,39,26,0
44,36,22,0
26,47,2,0
38,60,19,0
42,85,12,0
43,44,21,0
35,77,2,0
29,60,27,0
30,25,6,0
19,94,28,1
41,57,5,0
34,25,8,0
20,64,11,0
33,94,14,0
39,33,20,0
19,85,19,1
17,59,2,0
41,22,9,0
15,43,0,0
40,38,18,0
42,37,18,0
20,83,22,1
29,54,22,0
16,81,12,1
43,20,11,0
17,44,0,0
31,64,18,0
39,68,28,0
38,35,23,0
26,38,15,0
32,42,24,0
29,44,22,0
26,35,22,0
30,73,27,0
41,92,14,0
22,20,15,0
42,61,10,0
28,38,23,0
39,53,5,0
31,99,10,0
43,74,2,0
35,37,14,0
22,53,0,0
29,64,6,0
41,25,0,0
28,40,16,0
32,89,8,0
34,67,28,0
21,58,25,0
17,50,22,0
43,29,12,0
26,49,10,0
35,37,28,0
38,79,19,0
42,92,5,0
40,34,0,0
17,23,6,0
34,82,11,0
28,59,21,0
29,28,19,0
39,28,22,0
44,45,18,0
28,23,16,0
21,35,3,0
31,34,2,0
44,71,0,0
26,88,17,1
34,24,26,0
18,39,20,0
23,98,14,1
20,37,7,0
30,21,0,0
39,32,19,0
42,23,13,0
36,61,3,0
36,93,4,0
35,80,22,0
35,27,12,0
16,86,27,1
38,82,23,0
22,28,14,0
25,30,5,0
27,61,0,0
31,32,22,0
22,55,18,0
35,32,12,0
32,31,28,0
44,56,28,0
32,93,5,0
28,92,14,1
29,71,15,1
20,90,23,1
25,21,22,0
27,75,15,1
39,79,9,0
15,42,21,0
42,59,8,0
20,83,8,1
23,42,16,0
22,48,16,0
25,97,16,1
36,70,23,0
33,88,11,0
38,50,12,0
23,69,29,0
31,39,11,0
26,74,13,1
39,21,9,0
28,44,22,0
29,32,18,0
30,89,28,0
36,86,1,0
36,77,3,0
42,94,18,0
34,83,6,0
15,88,25,1
24,78,14,1
22,79,14,1
32,81,23,0
42,35,5,0
15,87,2,0
16,34,5,0
15,74,15,1
15,54,1,0
23,74,27,1
27,33,6,0
44,68,29,0
15,26,10,0
27,49,25,0
34,68,29,0
40,35,6,0
36,70,3,0
21,91,28,1
16,99,23,1
20,61,19,0
21,36,6,0
40,82,3,0
28,64,28,0
40,96,11,0
32,26,4,0
29,46,22,0
16,29,28,0
24,53,29,0
37,55,29,0
26,44,28,0
31,25,25,0
22,43,18,0
25,37,25,0
43,25,4,0
17,48,26,0
41,44,29,0
20,74,18,1
23,65,20,0
20,43,29,0
23,94,2,0
21,45,26,0
23,47,25,0
32,22,10,0
26,94,6,1
22,57,28,0
22,80,16,1
32,97,24,0
42,70,8,0
44,67,20,0
34,40,8,0
44,73,9,0
29,75,12,1
41,78,14,0
21,91,21,1
25,70,4,0
34,39,28,0
30,78,2,0
18,90,26,1
20,28,26,0
40,20,7,0
36,48,19,0
40,82,9,0
17,91,12,1
23,75,28,1
42,87,2,0
24,54,28,0
28,22,21,0
25,26,7,0
32,46,28,0
36,20,8,0
26,99,29,1
37,90,21,0
26,63,20,0
27,60,11,0
39,94,10,0
27,61,1,0
33,52,17,0
40,69,8,0
33,82,1,0
37,56,1,0
28,78,2,0
18,67,15,0
27,24,18,0
22,67,3,0
43,22,22,0
37,66,24,0
35,81,17,0
37,33,19,0
33,82,24,0
26,80,29,1
32,50,17,0
20,36,9,0
32,43,10,0
33,42,28,0
36,69,16,0
19,97,25,1
38,98,23,0
23,98,24,1
41,89,22,0
17,46,23,0
42,34,19,0
24,69,15,0
33,55,19,0
17,27,12,0
43,98,1,0
43,22,23,0
36,81,26,0
29,66,1,0
15,96,24,1
21,80,13,1
26,51,3,0
31,32,16,0
44,20,12,0
35,53,3,0
40,81,2,0
43,98,11,0
38,97,21,0
34,90,22,0
19,50,7,0
18,83,1,0
42,44,5,0
26,57,21,0
44,33,9,0
34,27,11,0
42,73,20,0
38,21,9,0
32,97,9,0
31,75,22,0
33,80,2,0
23,41,19,0
18,54,9,0
40,35,28,0
35,69,8,0
16,62,19,0
18,36,18,0
16,99,13,1
29,77,1,0
16,21,4,0
18,23,19,0
20,58,28,0
21,25,28,0
24,88,7,1
33,88,6,0
33,39,5,0
40,83,10,0
36,35,11,0
43,70,17,0
26,56,18,0
17,92,9,1
27,88,24,1
32,61,28,0
22,76,24,1
35,85,20,0
29,28,13,0
15,83,2,0
17,41,17,0
40,53,23,0
22,74,14,1
18,48,5,0
30,57,9,0
44,37,26,0
37,90,11,0
24,84,6,1
26,20,16,0
28,23,0,0
28,23,25,0
16,46,17,0
37,62,25,0
19,78,14,1
19,51,18,0
20,52,27,0
27,47,0,0
23,74,29,1
44,79,4,0
36,89,14,0
42,81,2,0
43,99,0,0
29,53,7,0
28,75,11,1
38,32,26,0
21,75,21,1
39,37,24,0
34,73,18,0
16,96,24,1
21,62,24,0
20,58,11,0
31,80,12,0
41,61,27,0
39,98,0,0
39,37,18,0
42,42,5,0
16,73,7,0
17,49,3,0
19,77,4,0
19,87,24,1
15,86,21,1
22,90,27,1
26,37,6,0
38,26,22,0
18,59,3,0
27,89,19,1
37,84,3,0
29,87,29,1
25,68,14,0
24,71,26,1
17,48,20,0
36,40,4,0
28,97,23,1
30,28,8,0
24,66,1,0
43,95,26,0
24,61,6,0
26,70,16,0
44,75,15,0
23,70,16,0
15,89,19,1
19,39,25,0
34,46,22,0
22,57,1,0
25,91,10,1
26,84,1,0
15,73,0,0
39,43,25,0
36,66,1,0
34,90,28,0
42,82,22,0
39,76,8,0
25,74,21,1
19,79,25,1
29,81,1,0
19,49,27,0
26,41,14,0
19,94,9,1
31,48,14,0
31,60,9,0
38,61,28,0
26,84,24,1
38,50,22,0
42,49,26,0
29,37,16,0
29,36,27,0
20,57,8,0
26,33,17,0
41,98,3,0
43,75,8,0
34,41,15,0
32,86,3,0
28,75,15,1
16,38,18,0
23,76,0,0
19,63,22,0
34,54,5,0
40,20,9,0
43,71,15,0
15,89,3,0
37,56,21,0
17,84,21,1
20,70,12,0
19,20,15,0
35,40,19,0
41,72,29,0
19,35,28,0
15,80,5,0
31,73,25,0
33,59,10,0
28,45,23,0
26,99,28,1
24,84,2,0
34,93,19,0
35,83,9,0
32,62,28,0
38,36,27,0
41,78,29,0
25,42,0,0
44,26,19,0
16,63,10,0
39,72,25,0
32,90,25,0
43,98,11,0
39,53,13,0
21,65,24,0
38,87,7,0
29,97,10,1
25,97,3,0
32,35,27,0
37,90,6,0
26,38,9,0
20,21,18,0
34,29,24,0
37,69,25,0
44,31,3,0
27,89,1,0
34,41,25,0
30,51,20,0
32,20,17,0
24,73,13,1
42,77,25,0
37,89,15,0
22,37,21,0
32,25,10,0
35,64,9,0
15,42,16,0
37,42,13,0
22,45,21,0
43,96,3,0
20,26,18,0
19,98,1,0
29,63,6,0
36,46,8,0
29,45,27,0
16,98,18,1
15,55,15,0
37,74,21,0
37,83,24,0
40,76,15,0
25,88,17,1
24,80,22,1
44,21,20,0
32,74,20,0
32,99,10,0
31,57,6,0
40,99,8,0
22,97,3,0
29,48,24,0
22,45,29,0
31,54,12,0
26,98,26,1
41,86,25,0
22,48,24,0
39,53,28,0
28,60,3,0
18,60,18,0
15,42,1,0
15,90,8,1
33,22,11,0
30,77,1,0
28,51,5,0
35,50,4,0
30,62,29,0
19,26,4,0
23,20,19,0
40,80,21,0
44,33,4,0
42,71,26,0
16,25,3,0
32,29,28,0
20,90,8,1
23,49,28,0
15,40,21,0
23,79,26,1
39,93,9,0
30,82,15,0
27,61,9,0
23,70,28,0
35,83,9,0
27,95,28,1
23,75,18,1
25,99,9,1
18,60,5,0
16,51,29,0
43,34,16,0
20,81,4,0
28,46,25,0
18,47,5,0
20,83,26,1
33,78,23,0
20,77,26,1
16,21,14,0
32,55,24,0
27,90,26,1
23,32,18,0
37,34,17,0
33,79,28,0
27,41,3,0
25,82,7,1
15,94,26,1
38,93,15,0
44,44,23,0
36,67,18,0
21,62,19,0
39,57,2,0
35,60,9,0
29,64,1,0
15,59,3,0
26,36,5,0
40,76,10,0
21,21,13,0
29,81,15,1
35,28,26,0
33,87,20,0
42,36,18,0
43,69,1,0
39,59,24,0
15,77,16,1
31,94,8,0
31,40,16,0
17,37,14,0
26,74,29,1
20,48,6,0
40,43,21,0
25,93,22,1
17,36,18,0
22,37,29,0
28,61,2,0
28,64,28,0
24,36,26,0
16,92,0,0
28,33,3,0
23,68,27,0
17,48,17,0
35,23,25,0
40,39,7,0
22,66,18,0
30,28,22,0
16,96,22,1
20,98,27,1
42,46,24,0
35,34,5,0
43,38,0,0
40,71,7,0
39,45,0,0
26,45,18,0
19,45,10,0
16,65,20,0
30,68,23,0
19,72,24,1
29,22,14,0
26,85,22,1
18,61,24,0
29,38,10,0
25,36,18,0
30,52,28,0
37,95,20,0
20,68,9,1
28,75,23,1
32,82,11,0
26,22,0,0
41,68,23,0
25,74,6,1
27,45,16,0
35,91,28,0
37,71,28,0
25,26,25,0
37,65,27,0
30,65,9,0
29,35,27,0
35,43,5,0
42,80,16,0
29,73,17,1
39,81,4,0
18,20,17,0
25,68,29,0
33,44,25,0
29,29,16,0
18,99,21,1
35,35,15,0
27,77,7,1
36,91,23,0
33,48,12,0
16,25,28,0
28,35,23,0
43,39,15,0
18,99,10,1
30,90,5,1
35,97,26,0
34,62,2,0
28,45,0,0
41,97,17,0
43,90,4,0
29,52,12,0
42,45,9,0
17,64,4,0
22,82,25,1
30,86,13,0
24,71,16,1
18,87,0,0
44,45,24,0
32,94,1,0
16,21,6,0
31,33,9,0
27,49,19,0
18,68,6,0
40,31,23,0
39,63,15,0
44,52,4,0
25,32,28,0
21,97,27,1
26,45,11,0
24,40,16,0
21,47,15,0
27,67,19,0
21,59,25,0
38,85,15,0
31,92,18,0
24,98,25,1
43,96,14,0
24,42,11,0
38,67,20,0
18,21,9,0
34,39,28,0
18,78,25,1
36,65,28,0
21,22,21,0
36,74,1,0
15,31,6,0
26,59,12,0
38,85,2,0
27,97,14,1
24,35,0,0
29,53,25,0
41,63,2,0
27,25,24,0
37,96,9,0
36,83,26,0
36,41,26,0
35,37,14,0
36,31,21,0
42,71,26,0
23,70,5,1
40,90,19,0
23,67,14,0
29,38,23,0
24,25,20,0
38,46,6,0
40,72,24,0
39,67,28,0
43,26,28,0
24,78,29,1
22,88,20,1
38,30,26,0
30,34,29,0
31,83,4,0
40,22,29,0
41,88,3,0
19,42,21,0
18,72,17,1
32,56,2,0
38,28,16,0
33,34,17,0
18,22,17,0
42,89,23,0
21,36,23,0
24,45,1,0
39,40,12,0
32,91,29,0
33,40,21,0
18,30,14,0
24,57,4,0
15,91,2,0
37,54,4,0
32,33,4,0
19,33,4,0
29,29,2,0
31,31,2,0
17,57,19,0
26,53,22,0
16,60,27,0
15,29,27,0
37,36,27,0
35,36,29,0
31,86,17,0
36,81,25,0
30,20,19,0
19,31,3,0
29,23,0,0
17,61,25,0
42,32,15,0
21,23,7,0
25,88,16,1
24,38,7,0
23,21,6,0
28,31,24,0
27,93,7,1
43,25,20,0
39,27,23,0
44,70,29,0
39,30,26,0
16,82,25,1
17,76,11,1
21,31,15,0
35,92,11,0
32,21,18,0
17,27,9,0
24,30,6,0
36,72,11,0
43,29,19,0
21,27,4,0
23,55,15,0
31,95,8,0
25,33,6,0
21,73,19,1
38,40,21,0
42,69,25,0
28,58,13,0
33,39,10,0
18,26,6,0
40,28,28,0
20,20,9,0
24,45,28,0
21,57,8,0
27,57,3,0
28,80,15,1
18,63,9,0
22,63,18,0
19,93,23,1
15,81,16,1
18,25,8,0
17,36,12,0
23,70,0,0
22,57,1,0
15,43,12,0
41,70,23,0
20,29,8,0
23,91,6,1
21,40,15,0
18,89,18,1
27,76,6,1
31,58,5,0
42,52,17,0
16,78,18,1
42,37,10,0
19,75,28,1
26,76,11,1
41,95,28,0
35,67,25,0
22,61,9,0
20,46,12,0
22,93,11,1
32,71,20,0
17,61,9,0
36,51,19,0
26,45,17,0
43,44,3,0
40,94,27,0
17,42,23,0
36,76,4,0
20,71,4,0
16,50,28,0
37,83,27,0
26,90,11,1
16,52,25,0
20,21,2,0
31,37,28,0
17,66,7,0
16,52,21,0
37,54,1,0
44,70,17,0
34,37,8,0
22,91,12,1
36,49,6,0
26,63,9,0
40,72,8,0
18,29,29,0
19,71,21,1
27,68,14,0
43,30,4,0
29,85,11,1
39,77,0,0
37,55,11,0
30,52,21,0
24,66,5,1
44,32,18,0
44,59,18,0
39,87,15,0
37,61,18,0
30,38,2,0
26,38,22,0
31,77,9,0
30,42,26,0
26,73,17,1
22,99,25,1
34,84,12,0
17,31,25,0
30,43,17,0
44,53,2,0
27,72,25,1
37,27,27,0
42,37,22,0
33,76,2,0
22,24,22,0
36,45,24,0
19,49,26,0
34,73,25,0
22,32,11,0
38,48,26,0
26,22,19,0
15,77,6,1
39,95,24,0
44,21,29,0
35,94,23,0
34,47,7,0
20,96,8,1
36,95,13,0
32,21,4,0
22,26,29,0
21,45,20,0
15,95,18,1
35,35,20,0
30,42,15,0
26,59,23,0
20,79,11,1
34,92,20,0
16,51,3,0
43,34,7,0
28,32,6,0
18,24,14,0
15,94,29,1
37,93,29,0
32,71,5,0
27,96,4,0
16,60,13,0
23,72,20,1
35,69,12,0
16,34,9,0
41,26,17,0
39,59,28,0
23,47,3,0
15,51,7,0
25,34,23,0
17,89,10,1
34,84,16,0
44,23,17,0
37,30,20,0
40,45,24,0
18,80,25,1
32,56,10,0
37,42,15,0
20,59,11,0
17,96,12,1
36,42,26,0
25,35,15,0
29,80,22,1
36,87,25,0
42,99,20,0
19,50,0,0
34,72,15,0
24,44,14,0
26,63,5,0
29,31,11,0
31,28,7,0
24,31,6,0
20,88,1,0
32,73,11,0
27,73,20,1
17,47,13,0
44,75,15,0
38,88,10,0
24,96,19,1
44,77,8,0
28,97,9,1
20,94,16,1
17,61,11,0
30,57,5,0
21,87,18,1
34,72,10,0
28,52,8,0
23,90,20,1
29,75,28,1
35,91,5,0
17,70,26,0
16,93,24,1
41,62,24,0
16,34,23,0
17,57,24,0
32,34,15,0
28,24,19,0
34,73,15,0
32,70,5,0
24,29,4,0
39,31,20,0
16,23,3,0
39,37,1,0
43,99,27,0
36,55,5,0
15,44,8,0
18,95,27,1
28,55,16,0
15,86,13,1
28,28,6,0
30,80,21,0
36,72,18,0
28,37,0,0
43,62,28,0
34,54,19,0
17,82,29,1
17,97,24,1
23,23,14,0
20,60,17,0
39,64,2,0
27,69,17,0
35,98,29,0
16,47,1,0
22,61,9,0
35,99,10,0
16,95,26,1
18,88,23,1
39,20,2,0
29,58,6,0
18,36,7,0
27,54,18,0
42,65,17,0
26,61,12,0
42,58,12,0
27,68,23,0
28,81,18,1
34,57,22,0
32,42,11,0
43,41,16,0
42,23,29,0
20,68,27,0
43,78,21,0
25,92,11,1
44,87,27,0
16,90,12,1
42,21,24,0
37,68,11,0
33,50,18,0
33,59,13,0
19,67,6,0
33,70,12,0
16,62,5,0
24,74,23,1
39,68,18,0
16,99,18,1
44,76,3,0
25,96,18,1
32,34,8,0
43,46,15,0
38,87,26,0
29,99,3,0
23,83,5,1
37,49,7,0
33,55,26,0
23,86,28,1
17,68,23,0
35,95,15,0
23,74,4,0
42,75,20,0
44,87,21,0
28,63,9,0
33,50,22,0
21,77,12,1
30,72,28,0
30,98,25,0
42,42,13,0
15,47,6,0
18,35,28,0
18,56,19,0
21,40,5,0
22,98,6,1
31,36,4,0
19,56,20,0
21,96,17,1
42,38,22,0
34,49,11,0
43,64,5,0
34,37,26,0
18,97,0,0
42,81,3,0
20,55,18,0
21,71,11,1
32,38,14,0
19,63,2,0
34,26,22,0
44,63,26,0
43,87,27,0
17,53,25,0
21,85,19,1
41,88,27,0
42,74,7,0
36,29,10,0
28,61,15,0
21,60,8,0
19,96,2,0
43,88,4,0
36,29,19,0
19,29,13,0
44,79,27,0
37,70,25,0
16,40,14,0
44,27,5,0
41,84,26,0
35,97,25,0
36,49,3,0
20,68,7,1
29,28,18,0
35,36,26,0
24,88,4,0
37,77,12,0
40,76,15,0
38,81,0,0
21,71,12,1
19,80,21,1
15,59,10,0
27,57,20,0
35,62,7,0
40,82,24,0
32,38,7,0
27,69,23,0
35,52,27,0
35,32,13,0
32,97,12,0
19,81,2,0
27,62,3,0
18,68,26,0
31,55,19,0
17,29,14,0
31,25,14,0
42,76,29,0
25,20,26,0
35,90,20,0
34,77,12,0
37,40,8,0
35,99,27,0
40,75,24,0
44,39,9,0
18,73,28,1
16,44,11,0
34,47,13,0
30,24,0,0
42,40,13,0
32,37,13,0
22,66,7,1
17,89,15,1
23,76,13,1
43,38,0,0
34,84,15,0
43,22,17,0
20,61,6,0
24,40,14,0
35,59,23,0
24,86,16,1
27,44,18,0
31,74,22,0
23,71,12,1
31,63,8,0
38,75,23,0
23,74,23,1
23,89,14,1
15,96,24,1
16,92,25,1
42,85,2,0
30,38,23,0
43,26,0,0
15,82,15,1
24,61,7,0
32,61,28,0
40,78,22,0
42,39,12,0
22,92,7,1
35,36,16,0
42,46,21,0
25,66,22,0
37,21,13,0
16,82,26,1
22,81,20,1
41,38,29,0
36,36,20,0
22,88,6,1
31,58,26,0
29,90,14,1
31,58,15,0
42,55,18,0
37,59,5,0
38,64,22,0
27,23,0,0
33,44,11,0
19,88,17,1
26,49,15,0
15,95,11,1
37,87,19,0
19,48,12,0
22,92,7,1
27,87,26,1
22,70,28,0
39,43,29,0
37,33,25,0
25,88,21,1
15,37,0,0
27,61,25,0
33,76,20,0
38,31,6,0
17,36,14,0
38,49,28,0
31,94,21,0
19,42,12,0
34,20,12,0
35,98,27,0
22,51,8,0
40,28,23,0
28,34,14,0
18,47,3,0
25,43,12,0
34,79,26,0
29,54,11,0
33,46,4,0
21,95,6,1
33,39,7,0
42,84,4,0
33,68,8,0
25,20,13,0
40,29,25,0
19,66,11,0
19,78,3,0
44,81,19,0
36,37,28,0
22,65,7,0
24,51,16,0
20,46,7,0
29,37,20,0
30,58,28,0
42,68,29,0
31,63,26,0
22,91,0,0
22,73,19,1
39,53,1,0
23,90,3,0
16,55,23,0
29,37,20,0
32,57,0,0
17,78,6,1
31,28,0,0
18,92,8,1
44,91,2,0
18,70,11,0
28,54,18,0
23,24,14,0
23,33,21,0
39,49,15,0
40,23,9,0
37,58,21,0
44,83,28,0
32,44,26,0
24,47,26,0
35,95,5,0
18,85,28,1
26,97,16,1
41,41,20,0
22,50,27,0
16,42,21,0
36,67,23,0
27,39,28,0
35,57,16,0
30,74,20,0
42,87,18,0
16,98,17,1
25,20,10,0
24,26,23,0
29,76,6,1
31,31,9,0
22,24,6,0
32,69,4,0
37,61,11,0
23,31,15,0
39,37,28,0
22,85,24,1
41,93,20,0
28,98,17,1
42,36,2,0
40,87,19,0
39,90,14,0
32,81,4,0
36,60,12,0
34,53,18,0
44,89,11,0
34,64,29,0
35,77,22,0
26,70,20,0
33,53,4,0
28,63,5,0
31,34,6,0
38,97,25,0
35,89,9,0
17,69,15,0
40,51,7,0
44,86,8,0
37,22,26,0
21,93,3,0
31,70,20,0
26,86,20,1
23,95,7,1
29,67,24,0
32,36,6,0
35,26,14,0
27,32,20,0
44,85,2,0
35,23,16,0
44,29,10,0
22,36,8,0
28,71,4,0
22,25,24,0
28,88,9,1
21,93,14,1
37,28,27,0
26,96,28,1
25,40,13,0
36,43,3,0
36,23,20,0
25,43,19,0
39,78,1,0
36,22,11,0
42,87,0,0
43,59,23,0
27,67,19,0
32,73,4,0
16,54,5,0
43,75,29,0
35,59,23,0
29,96,10,1
34,87,7,0
41,65,6,0
32,97,3,0
29,32,5,0
33,46,15,0
37,25,19,0
38,36,14,0
26,55,13,0
27,21,22,0
36,96,11,0
25,71,28,1
19,85,11,1
43,71,15,0
15,62,14,0
38,41,28,0
17,74,12,1
36,86,10,0
33,79,29,0
37,77,16,0
43,31,20,0
44,88,14,0
21,58,13,0
26,32,9,0
29,60,11,0
39,76,15,0
19,72,14,1
29,31,9,0
22,32,3,0
24,93,26,1
40,76,22,0
30,59,28,0
22,99,8,1
15,64,20,0
26,54,19,0
19,22,8,0
17,24,20,0
15,30,24,0
18,90,23,1
22,75,19,1
17,29,10,0
24,53,10,0
16,86,6,1
25,91,20,1
39,50,9,0
24,94,3,0
35,90,4,0
28,85,4,0
21,89,10,1
41,60,8,0
41,82,27,0
16,51,15,0
23,39,8,0
30,76,21,0
27,69,29,0
23,99,3,0
34,44,1,0
18,31,13,0
36,90,2,0
24,58,17,0
40,36,20,0
40,64,5,0
36,30,10,0
26,89,20,1
31,42,17,0
28,89,11,1
28,57,4,0
39,21,8,0
16,98,19,1
35,91,27,0
39,56,25,0
34,68,17,0
25,71,18,1
30,52,2,0
33,41,8,0
37,24,3,0
20,37,16,0
38,57,16,0
33,56,22,0
19,83,22,1
40,29,1,0
18,98,8,1
29,61,8,0
43,67,4,0
18,63,14,0
34,35,14,0
24,73,2,0
38,54,18,0
36,47,27,0
17,21,2,0
40,32,5,0
19,60,3,0
20,99,23,1
35,78,12,0
36,88,26,0
22,72,12,1
21,64,26,0
35,39,10,0
24,43,4,0
20,80,0,0
28,77,8,1
18,46,16,0
42,45,21,0
39,26,0,0
27,61,2,0
34,66,14,0
31,72,25,0
37,78,20,0
21,57,25,0
18,88,22,1
43,72,29,0
28,34,9,0
17,45,7,0
38,67,11,0
19,38,24,0
30,28,21,0
40,83,14,0
37,73,26,0
34,70,8,0
18,58,23,0
38,23,24,0
44,22,9,0
38,83,19,0
16,48,8,0
44,30,14,0
32,77,22,0
33,94,20,0
42,46,20,0
42,40,0,0
33,58,1,0
31,65,25,0
28,85,18,1
33,55,29,0
36,94,13,0
38,84,7,0
27,82,5,1
26,54,11,0
44,50,25,0
40,47,26,0
20,20,28,0
35,44,14,0
18,62,13,0
33,86,20,0
30,82,28,0
27,70,0,0
18,21,27,0
44,83,10,0
37,93,27,0
31,88,24,0
37,28,2,0
15,21,18,0
32,53,17,0
34,79,19,0
31,80,27,0
41,50,1,0
42,29,28,0
41,95,24,0
29,55,27,0
25,68,25,0
39,89,6,0
42,68,7,0
36,22,18,0
27,93,21,1
15,24,14,0
31,80,9,0
20,45,21,0
18,91,28,1
34,24,0,0
30,34,5,0
29,35,12,0
41,20,13,0
29,35,2,0
20,56,10,0
29,22,2,0
28,71,18,1
42,66,9,0
25,32,26,0
21,99,14,1
23,74,10,1
40,40,14,0
30,85,25,0
19,73,26,1
39,46,23,0
34,57,12,0
43,77,4,0
24,81,3,0
32,65,12,0
17,30,8,0
27,91,24,1
25,27,16,0
31,90,1,0
44,83,23,0
44,40,4,0
36,91,15,0
27,82,6,1
20,83,0,0
31,39,27,0
41,27,25,0
27,77,11,1
33,65,20,0
35,50,10,0
33,28,11,0
24,34,18,0
17,45,25,0
28,29,11,0
40,48,11,0
33,99,13,0
19,55,1,0
43,56,1,0
19,90,24,1
34,42,28,0
31,60,3,0
35,99,19,0
24,47,22,0
19,67,25,0
18,57,15,0
20,50,9,0
40,33,12,0
18,92,1,0
44,96,2,0
21,48,18,0
21,70,5,1
32,68,18,0
17,62,26,0
15,91,20,1
38,24,19,0
39,61,18,0
18,26,7,0
20,61,13,0
23,55,9,0
36,46,2,0
28,77,5,1
42,65,28,0
26,85,14,1
42,44,22,0
39,92,22,0
34,46,17,0
38,20,13,0
39,93,18,0
18,61,27,0
35,71,25,0
44,44,9,0
38,73,14,0
26,86,3,0
24,25,22,0
44,77,1,0
36,89,2,0
42,72,6,0
21,85,22,1
17,77,15,1
37,21,9,0
42,95,18,0
28,41,27,0
38,56,16,0
24,39,27,0
30,43,18,0
30,84,4,0
36,84,22,0
24,20,19,0
39,22,12,0
27,65,12,0
20,74,10,1
26,94,10,1
23,83,15,1
27,64,14,0
18,45,16,0
38,96,21,0
25,84,17,1
34,43,27,0
32,93,18,0
40,54,3,0
25,43,21,0
39,47,21,0
35,99,22,0
18,35,4,0
32,78,6,0
15,73,1,0
41,98,0,0
21,35,11,0
20,34,9,0
29,30,7,0
32,84,0,0
38,98,11,0
25,87,1,0
34,62,26,0
38,88,27,0
29,32,9,0
30,29,21,0
21,94,16,1
35,60,25,0
24,69,2,0
40,90,6,0
26,78,11,1
38,58,7,0
28,22,19,0
39,95,11,0
19,26,2,0
40,68,16,0
35,45,27,0
32,52,8,0
19,67,9,0
17,98,21,1
37,21,5,0
40,90,24,0
19,51,0,0
38,23,21,0
31,39,11,0
33,55,4,0
33,51,12,0
39,47,26,0
35,96,14,0
26,20,21,0
39,79,29,0
43,75,10,0
23,54,7,0
15,49,4,0
32,73,1,0
35,55,11,0
18,74,27,1
24,99,1,0
39,77,25,0
21,84,15,1
36,88,20,0
37,70,2,0
15,41,9,0
31,72,18,0
38,55,7,0
43,87,6,0
43,55,0,0
16,71,11,1
42,72,28,0
40,69,27,0
25,99,4,0
23,60,15,0
21,37,24,0
36,41,3,0
31,85,16,0
31,40,23,0
16,63,20,0
20,66,1,0
28,58,11,0
20,48,0,0
16,73,29,1
15,36,11,0
24,99,11,1
35,79,11,0
19,50,18,0
16,92,24,1
36,97,16,0
30,68,19,0
39,21,23,0
16,67,23,0
24,33,25,0
16,78,27,1
30,77,10,1
30,77,12,0
33,70,26,0
43,21,7,0
21,60,9,0
36,35,7,0
26,23,19,0
38,31,7,0
29,48,8,0
22,26,6,0
20,33,13,0
42,31,27,0
41,24,1,0
24,51,24,0
17,93,10,1
33,62,7,0
31,88,12,0
21,64,20,0
35,28,14,0
34,68,27,0
40,52,2,0
18,37,22,0
28,28,13,0
34,81,29,0
36,76,14,0
29,48,1,0
38,97,28,0
22,44,18,0
35,34,11,0
29,25,24,0
36,61,19,0
34,48,3,0
42,98,2,0
28,23,4,0
41,76,2,0
43,68,24,0
23,63,14,0
22,99,18,1
40,94,1,0
42,33,11,0
40,22,4,0
31,81,21,0
16,83,16,1
39,64,13,0
38,77,27,0
44,39,26,0
17,77,21,1
22,76,9,1
26,96,2,0
15,87,3,0
24,97,5,1
34,71,23,0
17,56,24,0
20,27,21,0
21,63,15,0
34,24,6,0
37,88,14,0
39,50,29,0
41,64,20,0
32,28,29,0
25,51,27,0
33,52,24,0
19,86,19,1
33,49,25,0
25,95,10,1
38,48,21,0
26,22,20,0
24,76,0,0
22,49,4,0
38,28,12,0
42,45,20,0
42,21,13,0
23,81,8,1
18,22,16,0
19,65,14,0
35,87,20,0
22,44,6,0
37,70,26,0
23,32,21,0
29,63,21,0
29,54,11,0
30,74,22,0
28,28,5,0
22,21,20,0
32,80,15,0
24,60,25,0
42,63,4,0
34,83,8,0
20,50,13,0
26,66,7,1
16,21,13,0
21,96,11,1
30,88,9,1
17,77,29,1
27,63,19,0
17,93,19,1
41,75,25,0
32,62,20,0
25,53,12,0
22,49,28,0
20,90,18,1
15,89,14,1
42,74,7,0
15,86,22,1
37,32,20,0
22,22,9,0
19,45,2,0
42,76,20,0
30,43,2,0
25,72,25,1
19,89,4,0
18,62,15,0
44,79,16,0
20,77,5,1
28,68,25,0
36,61,19,0
33,95,19,0
23,85,15,1
26,30,23,0
25,37,1,0
28,71,19,1
37,65,14,0
30,63,17,0
15,41,0,0
27,72,25,1
37,78,28,0
35,49,28,0
35,27,18,0
44,76,11,0
27,92,7,1
16,39,5,0
18,44,11,0
42,38,6,0
20,24,17,0
40,94,21,0
41,98,13,0
37,91,7,0
41,46,23,0
19,59,19,0
39,45,21,0
17,46,13,0
15,81,4,0
18,69,8,0
39,61,7,0
34,48,1,0
16,58,27,0
40,79,15,0
44,60,12,0
44,52,6,0
19,35,15,0
17,42,6,0
43,26,26,0
42,45,13,0
43,31,13,0
23,91,11,1
34,24,0,0
20,88,0,0
32,68,11,0
20,45,19,0
33,24,20,0
42,41,14,0
26,98,3,0
39,32,6,0
25,47,15,0
16,52,2,0
29,42,6,0
26,37,28,0
26,49,23,0
23,45,21,0
35,35,5,0
38,96,15,0
16,58,23,0
36,52,7,0
17,45,22,0
26,67,21,0
42,84,5,0
44,57,9,0
40,21,15,0
30,25,10,0
35,65,12,0
42,69,28,0
38,57,5,0
40,37,23,0
44,46,0,0
15,60,20,0
35,91,18,0
17,93,11,1
34,36,23,0
16,81,26,1
23,48,5,0
33,77,29,0
29,89,17,1
32,97,12,0
40,41,6,0
25,25,22,0
39,45,12,0
37,58,20,0
30,31,7,0
36,33,29,0
31,41,20,0
19,70,16,0
26,42,8,0
25,67,19,0
44,90,12,0
29,69,1,0
41,32,3,0
17,29,29,0
15,74,28,1
34,28,24,0
43,98,1,0
30,71,3,0
16,21,17,0
16,44,4,0
17,32,18,0
22,70,9,1
38,77,17,0
42,53,29,0
29,54,24,0
21,22,20,0
20,78,9,1
23,89,4,0
34,67,16,0
42,83,21,0
15,38,12,0
22,86,22,1
37,92,16,0
37,95,8,0
17,24,23,0
18,86,11,1
40,30,13,0
39,87,13,0
29,88,7,1
20,20,22,0
29,82,4,0
35,48,18,0
17,31,27,0
39,96,13,0
35,60,8,0
35,21,29,0
28,56,6,0
34,64,26,0
28,99,25,1
18,67,25,0
26,43,7,0
31,41,13,0
21,30,21,0
23,77,27,1
17,65,13,0
42,48,10,0
27,54,13,0
29,34,20,0
32,79,7,0
33,61,2,0
15,62,27,0
20,99,28,1
41,93,28,0
41,68,22,0
37,83,17,0
41,51,2,0
41,83,12,0
16,21,11,0
38,43,14,0
28,85,17,1
20,57,4,0
28,50,6,0
18,45,10,0
35,48,25,0
22,86,26,1
44,97,10,0
17,44,26,0
33,67,14,0
44,84,9,0
28,72,14,1
41,86,12,0
34,37,13,0
31,28,16,0
39,57,12,0
22,40,9,0
38,84,24,0
28,40,0,0
40,46,0,0
20,89,29,1
37,63,14,0
36,47,15,0
30,64,11,0
39,36,25,0
33,59,23,0
28,22,5,0
33,95,5,0
17,95,11,1
24,85,24,1
33,65,14,0
23,49,3,0
42,88,23,0
34,28,3,0
27,30,29,0
21,88,1,0
28,85,26,1
23,50,23,0
41,52,11,0
42,58,6,0
37,65,19,0
39,56,8,0
42,79,8,0
33,50,7,0
29,30,13,0
34,21,0,0
28,46,22,0
38,21,20,0
20,40,22,0
35,77,11,0
43,24,24,0
18,71,1,0
22,64,12,0
31,39,29,0
44,80,26,0
23,57,3,0
15,39,19,0
38,44,17,0
34,21,18,0
39,51,15,0
28,45,26,0
25,89,13,1
35,60,29,0
17,86,28,1
23,20,7,0
41,70,11,0
28,24,8,0
44,32,5,0
23,38,25,0
18,31,17,0
41,67,1,0
18,44,22,0
42,76,7,0
22,54,23,0
16,95,13,1
23,24,5,0
43,41,9,0
28,96,7,1
36,76,29,0
23,66,16,0
38,73,24,0
37,22,28,0
30,72,11,0
43,50,16,0
44,88,12,0
31,52,18,0
30,91,11,0
44,69,15,0
26,35,24,0
17,95,26,1
25,96,4,0
28,58,24,0
32,65,15,0
35,66,24,0
35,63,5,0
19,28,10,0
30,69,16,0
34,96,25,0
19,79,22,1
17,34,13,0
26,55,5,0
15,82,24,1
35,88,22,0
43,99,29,0
23,60,27,0
43,93,10,0
23,43,11,0
18,68,12,0
17,37,3,0
31,26,6,0
16,23,1,0
38,88,5,0
15,79,5,0
22,74,17,1
27,35,29,0
37,48,19,0
29,42,7,0
22,33,7,0
26,98,28,1
36,68,7,0
26,52,7,0
28,44,0,0
29,40,1,0
29,36,11,0
23,42,14,0
33,76,3,0
40,77,27,0
34,33,24,0
43,39,2,0
36,49,13,0
22,38,21,0
35,72,22,0
33,75,7,0
20,96,12,1
34,42,22,0
39,81,18,0
43,52,21,0
33,37,4,0
18,92,12,1
37,52,27,0
21,51,25,0
42,80,19,0
42,73,0,0
18,36,15,0
36,38,29,0
26,89,28,1
27,53,22,0
17,44,23,0
36,87,1,0
26,93,6,1
16,93,5,0
38,30,4,0
16,35,28,0
41,80,3,0
37,99,1,0
23,26,9,0
15,35,21,0
22,35,4,0
37,59,17,0
20,31,9,0
20,54,22,0
36,40,21,0
39,69,27,0
32,62,14,0
31,36,26,0
43,51,8,0
26,60,10,0
20,25,25,0
40,46,20,0
41,39,24,0
22,44,24,0
33,85,28,0
42,28,16,0
24,72,20,1
15,80,8,1
39,57,22,0
43,22,15,0
27,89,5,1
31,74,21,0
17,20,10,0
22,89,22,1
28,64,16,0
17,66,3,0
30,98,28,0
27,45,14,0
34,33,0,0
38,73,21,0
31,90,29,0
27,65,28,0
43,50,19,0
20,78,0,0
31,48,8,0
28,36,11,0
31,33,3,0
44,55,27,0
22,77,21,1
25,43,12,0
34,82,6,0
42,44,7,0
15,78,27,1
40,51,12,0
21,37,10,0
35,56,8,0
35,45,24,0
31,28,23,0
44,83,15,0
24,91,9,1
25,39,10,0
36,73,11,0
44,49,27,0
23,72,13,1
23,82,18,1
38,30,11,0
19,50,17,0
31,68,20,0
23,38,16,0
31,31,2,0
38,34,0,0
35,50,28,0
33,62,18,0
41,56,28,0
21,98,3,0
37,48,22,0
23,45,27,0
21,21,15,0
27,34,11,0
25,23,20,0
28,69,20,0
33,57,12,0
25,42,16,0
27,78,7,1
28,94,12,1
27,47,19,0
15,85,25,1
22,27,4,0
26,48,17,0
33,30,14,0
26,37,11,0
22,74,28,1
22,69,16,0
43,33,24,0
35,93,14,0
27,28,1,0
26,30,5,0
43,82,16,0
30,95,15,0
15,86,16,1
27,72,24,1
40,58,19,0
21,97,8,1
42,75,26,0
40,47,4,0
19,94,22,1
22,58,0,0
39,44,5,0
41,40,23,0
28,29,13,0
37,62,16,0
44,34,24,0
27,67,18,0
29,40,0,0
37,79,0,0
31,69,12,0
29,42,13,0
34,32,26,0
32,88,5,0
32,23,26,0
16,97,5,0
18,91,0,0
44,28,29,0
15,54,13,0
18,40,2,0
32,77,22,0
19,37,9,0
33,91,18,0
29,62,18,0
42,25,18,0
22,97,27,1
34,86,22,0
31,31,3,0
15,31,19,0
26,85,18,1
40,21,9,0
33,34,26,0
29,42,24,0
23,48,1,0
21,26,3,0
16,47,23,0
43,33,5,0
23,63,29,0
24,49,6,0
16,51,15,0
33,89,28,0
25,25,6,0
27,46,17,0
24,43,19,0
28,53,25,0
32,59,25,0
33,66,21,0
36,98,18,0
23,94,8,1
39,43,28,0
21,84,19,1
42,37,9,0
17,63,12,0
34,95,17,0
20,76,15,1
41,47,21,0
35,90,16,0
16,42,21,0
43,53,12,0
20,30,11,0
17,54,9,0
30,61,0,0
44,47,29,0
22,97,7,1
16,43,20,0
31,27,21,0
23,72,17,1
44,91,1,0
26,23,15,0
17,24,11,0
25,68,8,1
15,49,2,0
37,91,21,0
27,82,25,1
29,66,20,0
40,45,29,0
19,76,27,1
35,56,3,0
44,26,25,0
31,59,1,0
39,58,7,0
37,81,9,0
38,97,15,0
39,72,22,0
20,23,10,0
42,44,17,0
35,26,21,0
36,47,13,0
25,88,7,1
32,86,22,0
18,39,14,0
17,30,16,0
27,86,20,1
37,26,17,0
23,42,5,0
35,80,22,0
20,90,29,1
40,53,13,0
44,38,22,0
42,77,2,0
26,28,6,0
16,67,14,0
17,60,20,0
17,67,23,0
42,64,27,0
26,44,15,0
29,97,15,1
23,44,7,0
37,38,6,0
22,58,5,0
25,98,1,0
30,99,21,0
40,46,12,0
41,93,11,0
39,82,14,0
36,87,26,0
18,38,8,0
42,47,1,0
15,97,16,1
38,52,26,0
21,29,28,0
16,49,4,0
38,41,10,0
42,22,21,0
19,94,18,1
21,67,23,0
18,21,6,0
19,95,1,0
38,73,15,0
15,25,11,0
15,59,22,0
29,21,14,0
34,92,0,0
33,21,24,0
43,93,12,0
24,74,22,1
42,91,5,0
32,79,12,0
42,25,17,0
17,38,2,0
25,46,0,0
29,20,14,0
41,52,25,0
44,59,12,0
25,51,4,0
31,88,24,0
31,36,12,0
20,27,21,0
19,76,4,0
22,61,27,0
16,28,18,0
30,54,20,0
34,90,23,0
38,98,27,0
26,72,17,1
20,73,20,1
15,44,21,0
18,86,9,1
31,81,23,0
27,74,7,1
32,65,14,0
19,43,20,0
44,65,24,0
38,41,19,0
38,30,27,0
41,67,24,0
17,27,26,0
25,58,22,0
27,54,21,0
18,68,3,0
40,65,1,0
41,57,23,0
28,27,5,0
36,73,27,0
25,56,2,0
41,59,6,0
24,53,9,0
33,98,22,0
32,36,5,0
20,52,15,0
41,66,1,0
43,71,23,0
29,99,16,1
35,28,12,0
44,52,0,0
24,79,5,1
19,96,4,0
40,40,24,0
43,77,12,0
19,88,27,1
24,29,22,0
42,25,17,0
19,32,28,0
17,84,11,1
37,39,6,0
20,76,14,1
18,65,2,0
32,27,15,0
42,29,0,0
23,92,26,1
31,86,15,0
43,30,23,0
27,31,29,0
41,29,11,0
29,44,18,0
44,68,26,0
34,68,7,0
31,30,22,0
27,81,11,1
30,55,14,0
36,58,1,0
18,72,28,1
19,97,29,1
19,75,29,1
23,20,16,0
31,75,6,0
27,23,12,0
16,49,0,0
27,31,5,0
36,54,12,0
35,96,10,0
41,71,9,0
37,50,15,0
33,87,26,0
17,71,25,1
24,99,23,1
16,26,22,0
27,41,19,0
33,94,16,0
40,75,16,0
31,77,3,0
35,83,4,0
28,31,27,0
26,26,22,0
35,74,13,0
26,81,19,1
25,92,9,1
21,96,13,1
18,74,27,1
33,55,0,0
15,43,10,0
42,63,25,0
38,36,22,0
43,21,17,0
17,32,15,0
27,50,28,0
29,47,26,0
16,79,17,1
25,46,7,0
18,34,27,0
33,98,9,0
43,52,25,0
31,39,9,0
17,61,4,0
42,31,9,0
32,92,17,0
22,42,20,0
36,91,23,0
39,33,5,0
38,44,2,0
40,96,7,0
33,50,29,0
19,73,8,0
21,24,4,0
35,32,28,0
22,47,1,0
42,62,1,0
19,66,6,0
31,90,16,0
19,57,9,0
18,86,11,1
36,81,1,0
33,58,9,0
41,56,19,0
35,27,0,0
16,71,3,0
25,52,12,0
36,61,11,0
27,95,10,1
29,46,28,0
26,27,9,0
36,42,14,0
35,83,4,0
36,39,24,0
25,35,16,0
21,36,27,0
42,99,4,0
19,38,1,0
31,27,8,0
38,57,5,0
34,57,17,0
23,72,13,1
28,50,18,0
40,63,13,0
26,79,7,1
20,95,16,1
31,36,27,0
33,98,2,0
33,92,28,0
40,58,9,0
30,61,16,0
26,67,26,0
26,31,10,0
34,37,7,0
20,98,0,0
37,25,12,0
40,62,20,0
18,54,3,0
20,73,6,1
25,81,13,1
15,88,4,0
44,35,23,0
38,27,27,0
37,50,29,0
29,29,10,0
41,75,16,0
25,95,4,0
39,89,19,0
33,39,2,0
32,24,4,0
31,42,25,0
33,28,14,0
35,77,18,0
28,78,15,1
41,99,7,0
32,73,12,0
42,65,15,0
33,41,2,0
29,83,0,0
29,27,8,0
18,39,8,0
21,70,21,0
27,97,25,1
17,58,16,0
30,56,23,0
23,69,1,0
22,53,8,0
34,94,29,0
27,52,23,0
31,50,18,0
31,73,12,0
31,63,4,0
15,53,8,0
22,90,12,1
33,81,0,0
20,42,24,0
17,65,14,0
41,75,3,0
19,26,3,0
27,80,19,1
29,22,9,0
28,57,27,0
43,53,24,0
37,63,29,0
30,49,5,0
32,36,26,0
36,78,23,0
43,29,11,0
36,37,29,0
25,64,19,0
17,78,15,1
36,81,2,0
24,78,13,1
24,68,0,0
44,82,9,0
35,51,14,0
30,29,6,0
26,30,3,0
16,89,13,1
23,81,23,1
38,66,15,0
17,53,13,0
38,36,2,0
44,73,16,0
39,95,20,0
44,59,13,0
29,38,17,0
17,86,2,0
33,72,29,0
32,83,21,0
22,66,18,0
40,25,2,0
31,35,11,0
22,91,21,1
21,37,4,0
44,71,9,0
21,67,8,1
17,62,0,0
15,58,12,0
18,68,2,0
39,31,18,0
19,29,10,0
15,90,15,1
29,74,5,1
19,20,23,0
27,68,2,0
22,55,18,0
22,40,5,0
19,56,7,0
42,43,21,0
23,74,12,1
15,44,11,0
18,26,29,0
17,90,9,1
16,90,2,0
22,43,3,0
37,30,0,0
23,92,12,1
16,31,23,0
28,54,3,0
28,82,21,1
18,87,10,1
44,76,18,0
20,32,10,0
25,42,11,0
17,58,10,0
22,99,5,1
17,31,11,0
28,53,26,0
42,90,8,0
27,94,24,1
27,50,9,0
16,81,2,0
27,32,2,0
43,50,19,0
33,21,27,0
41,34,22,0
20,76,15,1
30,94,2,0
16,53,9,0
22,87,23,1
31,94,10,0
37,48,7,0
16,85,5,0
24,35,19,0
42,58,10,0
30,96,27,0
20,56,26,0
42,40,20,0
16,63,11,0
16,38,15,0
40,90,17,0
27,27,12,0
38,96,21,0
29,85,2,0
42,60,14,0
16,94,21,1
21,89,27,1
17,80,20,1
22,45,13,0
37,90,17,0
28,89,27,1
38,48,28,0
44,85,13,0
37,38,4,0
41,87,20,0
36,77,13,0
43,89,24,0
21,76,26,1
35,56,7,0
21,80,27,1
15,49,27,0
31,90,22,0
23,92,14,1
44,44,27,0
35,84,28,0
27,25,14,0
35,37,29,0
33,29,18,0
35,30,25,0
33,84,19,0
39,96,5,0
39,84,18,0
36,71,26,0
31,86,24,0
37,97,7,0
37,50,5,0
44,36,19,0
24,74,22,1
24,55,28,0
18,45,14,0
22,72,26,1
36,36,2,0
34,44,9,0
34,21,14,0
32,24,23,0
28,23,15,0
32,55,16,0
42,25,18,0
28,40,10,0
34,96,15,0
35,45,4,0
38,74,4,0
29,58,25,0
36,52,13,0
44,33,17,0
18,75,25,1
27,40,7,0
41,65,4,0
37,35,6,0
22,35,15,0
32,48,22,0
26,27,13,0
37,22,4,0
28,38,23,0
16,85,8,1
32,98,3,0
38,93,3,0
16,41,15,0
25,65,23,0
23,32,16,0
26,52,14,0
31,24,3,0
29,96,5,1
39,46,15,0
31,97,28,0
40,43,3,0
43,86,5,0
40,82,4,0
32,67,15,0
36,82,29,0
20,97,24,1
31,31,15,0
37,47,9,0
38,63,8,0
32,62,3,0
22,36,28,0
23,59,13,0
20,68,3,0
19,76,11,1
26,83,23,1
39,94,9,0
43,76,3,0
42,93,17,0
25,93,12,1
39,89,12,0
15,95,13,1
25,62,17,0
33,42,0,0
23,46,20,0
41,77,15,0
16,56,14,0
26,25,21,0
18,84,24,1
18,25,4,0
32,69,28,0
29,41,5,0
33,44,5,0
27,98,2,0
33,91,15,0
31,70,11,0
20,67,3,0
30,89,0,0
38,84,3,0
26,79,0,0
33,65,20,0
19,55,26,0
31,77,26,0
40,95,7,0
37,57,23,0
40,30,4,0
43,31,29,0
15,61,25,0
42,58,1,0
41,90,11,0
39,30,21,0
38,55,16,0
37,71,6,0
24,50,10,0
29,52,3,0
37,32,4,0
35,37,5,0
35,60,10,0
25,77,0,0
27,75,24,1
19,43,9,0
15,92,19,1
38,50,23,0
26,74,20,1
25,29,10,0
31,79,23,0
18,21,16,0
29,34,7,0
39,22,26,0
44,62,12,0
23,50,26,0
35,89,19,0
34,86,17,0
33,75,26,0
33,82,21,0
26,94,15,1
19,34,1,0
24,29,4,0
31,57,17,0
19,66,2,0
36,76,26,0
30,69,21,0
21,90,16,1
42,34,15,0
23,37,5,0
17,21,18,0
29,62,6,0
30,45,17,0
32,90,13,0
28,57,5,0
17,61,7,0
26,24,14,0
23,30,14,0
42,84,14,0
21,53,15,0
23,20,0,0
27,21,10,0
32,39,26,0
19,80,28,1
27,40,24,0
18,87,4,0
16,31,4,0
30,41,28,0
23,39,27,0
